"","name","value"
"1","mean00",0.484427099711765
"2","mean01",0.542808306736364
"3","mean02",0.5651775543875
"4","mean03",0.4378957103375
"5","mean04",0.731051180605882
"6","mean05",1.2838241275625
"7","mean06",1.2198250102
"8","mean07",1.46338613103333
"9","mean08",1.18498549704706
"10","mean09",NA
"11","mean10",1.18382238664118
"12","mean11",1.12060534684
"13","mean12",1.09215585911667
